strike,right,bid,ask,mid,iv,delta,theta,spread
588.0,P,,,,,,,
588.0,C,,,,0.29754816160196246,0.7701664229587513,-0.23445563393937618,
